{
	"info": {
		"_postman_id": "ea6c2eda-4e56-42ae-a84e-027105a91a3e",
		"name": "DA2",
		"schema": "https://schema.getpostman.com/json/collection/v2.1.0/collection.json",
		"_exporter_id": "18289324"
	},
	"item": [
		{
			"name": "users",
			"item": [
				{
					"name": "GetAll",
					"event": [
						{
							"listen": "test",
							"script": {
								"exec": [
									""
								],
								"type": "text/javascript"
							}
						}
					],
					"request": {
						"method": "GET",
						"header": [],
						"url": {
							"raw": "https://{{host}}/{{api}}/users",
							"protocol": "https",
							"host": [
								"{{host}}"
							],
							"path": [
								"{{api}}",
								"users"
							]
						}
					},
					"response": []
				},
				{
					"name": "Get customer",
					"request": {
						"method": "GET",
						"header": [
							{
								"key": "Authorization",
								"value": "",
								"type": "text"
							}
						],
						"url": {
							"raw": "https://{{host}}/{{api}}/users/user@test.com",
							"protocol": "https",
							"host": [
								"{{host}}"
							],
							"path": [
								"{{api}}",
								"users",
								"user@test.com"
							]
						}
					},
					"response": []
				},
				{
					"name": "Get admin user",
					"request": {
						"method": "GET",
						"header": [
							{
								"key": "Authorization",
								"value": "",
								"type": "text"
							}
						],
						"url": {
							"raw": "https://{{host}}/{{api}}/users/admin@admin.com",
							"protocol": "https",
							"host": [
								"{{host}}"
							],
							"path": [
								"{{api}}",
								"users",
								"admin@admin.com"
							]
						}
					},
					"response": []
				},
				{
					"name": "Get invalid user",
					"request": {
						"method": "GET",
						"header": [
							{
								"key": "Authorization",
								"value": "",
								"type": "text"
							}
						],
						"url": {
							"raw": "https://{{host}}/{{api}}/users/invalid@user.com",
							"protocol": "https",
							"host": [
								"{{host}}"
							],
							"path": [
								"{{api}}",
								"users",
								"invalid@user.com"
							]
						}
					},
					"response": []
				},
				{
					"name": "Post valid 1",
					"request": {
						"method": "POST",
						"header": [],
						"body": {
							"mode": "raw",
							"raw": "{\r\n    \"email\": \"user@test.com\",\r\n    \"address\": \"user address\"\r\n}",
							"options": {
								"raw": {
									"language": "json"
								}
							}
						},
						"url": {
							"raw": "https://{{host}}/{{api}}/users",
							"protocol": "https",
							"host": [
								"{{host}}"
							],
							"path": [
								"{{api}}",
								"users"
							]
						}
					},
					"response": []
				},
				{
					"name": "Post valid 2",
					"request": {
						"method": "POST",
						"header": [],
						"body": {
							"mode": "raw",
							"raw": "{\r\n    \"email\": \"user2@test.com\",\r\n    \"address\": \"address2\"\r\n}",
							"options": {
								"raw": {
									"language": "json"
								}
							}
						},
						"url": {
							"raw": "https://{{host}}/{{api}}/users",
							"protocol": "https",
							"host": [
								"{{host}}"
							],
							"path": [
								"{{api}}",
								"users"
							]
						}
					},
					"response": []
				},
				{
					"name": "Post already exists",
					"request": {
						"method": "POST",
						"header": [],
						"body": {
							"mode": "raw",
							"raw": "{\r\n    \"email\": \"user@test.com\",\r\n    \"address\": \"address2\"\r\n}",
							"options": {
								"raw": {
									"language": "json"
								}
							}
						},
						"url": {
							"raw": "https://{{host}}/{{api}}/users",
							"protocol": "https",
							"host": [
								"{{host}}"
							],
							"path": [
								"{{api}}",
								"users"
							]
						}
					},
					"response": []
				},
				{
					"name": "Update admin",
					"request": {
						"method": "PUT",
						"header": [],
						"body": {
							"mode": "raw",
							"raw": "{\r\n    \"email\": \"admin2@admin.com\",\r\n    \"address\": \"admin address 2\"\r\n}",
							"options": {
								"raw": {
									"language": "json"
								}
							}
						},
						"url": {
							"raw": "https://{{host}}/{{api}}/users/admin@admin.com",
							"protocol": "https",
							"host": [
								"{{host}}"
							],
							"path": [
								"{{api}}",
								"users",
								"admin@admin.com"
							]
						}
					},
					"response": []
				},
				{
					"name": "Update user",
					"request": {
						"method": "PUT",
						"header": [],
						"body": {
							"mode": "raw",
							"raw": "{\r\n    \"email\": \"user2@test.com\",\r\n    \"address\": \"user address 2\"\r\n}",
							"options": {
								"raw": {
									"language": "json"
								}
							}
						},
						"url": {
							"raw": "https://{{host}}/{{api}}/users/user@test.com",
							"protocol": "https",
							"host": [
								"{{host}}"
							],
							"path": [
								"{{api}}",
								"users",
								"user@test.com"
							]
						}
					},
					"response": []
				},
				{
					"name": "Update client undo",
					"request": {
						"method": "PUT",
						"header": [],
						"body": {
							"mode": "raw",
							"raw": "{\r\n    \"email\": \"user@test.com\",\r\n    \"address\": \"user address\"\r\n}",
							"options": {
								"raw": {
									"language": "json"
								}
							}
						},
						"url": {
							"raw": "https://{{host}}/{{api}}/users/user2@test.com",
							"protocol": "https",
							"host": [
								"{{host}}"
							],
							"path": [
								"{{api}}",
								"users",
								"user2@test.com"
							]
						}
					},
					"response": []
				},
				{
					"name": "Update client 3",
					"request": {
						"method": "PUT",
						"header": [],
						"body": {
							"mode": "raw",
							"raw": "{\r\n    \"email\": \"admin@admin.com\",\r\n    \"address\": \"test address\"\r\n}",
							"options": {
								"raw": {
									"language": "json"
								}
							}
						},
						"url": {
							"raw": "https://{{host}}/{{api}}/users/user@test.com",
							"protocol": "https",
							"host": [
								"{{host}}"
							],
							"path": [
								"{{api}}",
								"users",
								"user@test.com"
							]
						}
					},
					"response": []
				},
				{
					"name": "Update invalid user",
					"request": {
						"method": "PUT",
						"header": [],
						"body": {
							"mode": "raw",
							"raw": "{\r\n    \"email\": \"user3@test.com\",\r\n    \"address\": \"test address\"\r\n}",
							"options": {
								"raw": {
									"language": "json"
								}
							}
						},
						"url": {
							"raw": "https://{{host}}/{{api}}/users/invalid@user.com",
							"protocol": "https",
							"host": [
								"{{host}}"
							],
							"path": [
								"{{api}}",
								"users",
								"invalid@user.com"
							]
						}
					},
					"response": []
				},
				{
					"name": "Delete 1",
					"request": {
						"method": "DELETE",
						"header": [],
						"url": {
							"raw": "https://{{host}}/{{api}}/users/user@test.com",
							"protocol": "https",
							"host": [
								"{{host}}"
							],
							"path": [
								"{{api}}",
								"users",
								"user@test.com"
							]
						}
					},
					"response": []
				},
				{
					"name": "Delete 2",
					"request": {
						"method": "DELETE",
						"header": [],
						"body": {
							"mode": "raw",
							"raw": "{\r\n    \"email\": \"put@put.com\",\r\n    \"address\": \"test address\"\r\n}",
							"options": {
								"raw": {
									"language": "json"
								}
							}
						},
						"url": {
							"raw": "https://{{host}}/{{api}}/users/user2@test.com",
							"protocol": "https",
							"host": [
								"{{host}}"
							],
							"path": [
								"{{api}}",
								"users",
								"user2@test.com"
							]
						}
					},
					"response": []
				}
			]
		},
		{
			"name": "products",
			"item": [
				{
					"name": "Get all",
					"request": {
						"method": "GET",
						"header": [],
						"url": {
							"raw": "https://{{host}}/{{api}}/products?name=x&brand=x&category=ro",
							"protocol": "https",
							"host": [
								"{{host}}"
							],
							"path": [
								"{{api}}",
								"products"
							],
							"query": [
								{
									"key": "name",
									"value": "x"
								},
								{
									"key": "brand",
									"value": "x"
								},
								{
									"key": "category",
									"value": "ro"
								}
							]
						}
					},
					"response": []
				},
				{
					"name": "Get valid",
					"request": {
						"method": "GET",
						"header": [],
						"url": {
							"raw": "https://{{host}}/{{api}}/products/20000000-0000-0000-0000-000000000002",
							"protocol": "https",
							"host": [
								"{{host}}"
							],
							"path": [
								"{{api}}",
								"products",
								"20000000-0000-0000-0000-000000000002"
							]
						}
					},
					"response": []
				},
				{
					"name": "Get invalid",
					"request": {
						"method": "GET",
						"header": [],
						"url": {
							"raw": "https://{{host}}/{{api}}/products/00000000-0000-0000-0000-000000000000",
							"protocol": "https",
							"host": [
								"{{host}}"
							],
							"path": [
								"{{api}}",
								"products",
								"00000000-0000-0000-0000-000000000000"
							]
						}
					},
					"response": []
				}
			]
		},
		{
			"name": "shopping-cart",
			"item": [
				{
					"name": "Get (no checked item)",
					"protocolProfileBehavior": {
						"disableBodyPruning": true
					},
					"request": {
						"method": "GET",
						"header": [],
						"body": {
							"mode": "raw",
							"raw": "[\r\n]",
							"options": {
								"raw": {
									"language": "json"
								}
							}
						},
						"url": {
							"raw": "https://{{host}}/{{api}}/shopping-cart",
							"protocol": "https",
							"host": [
								"{{host}}"
							],
							"path": [
								"{{api}}",
								"shopping-cart"
							]
						}
					},
					"response": []
				},
				{
					"name": "Get (1 checked item)",
					"protocolProfileBehavior": {
						"disableBodyPruning": true
					},
					"request": {
						"method": "GET",
						"header": [],
						"body": {
							"mode": "raw",
							"raw": "[\r\n    \"10000000-0000-0000-0000-000000000001\"\r\n]",
							"options": {
								"raw": {
									"language": "json"
								}
							}
						},
						"url": {
							"raw": "https://{{host}}/{{api}}/shopping-cart",
							"protocol": "https",
							"host": [
								"{{host}}"
							],
							"path": [
								"{{api}}",
								"shopping-cart"
							]
						}
					},
					"response": []
				},
				{
					"name": "Get (20% off)",
					"protocolProfileBehavior": {
						"disableBodyPruning": true
					},
					"request": {
						"method": "GET",
						"header": [],
						"body": {
							"mode": "raw",
							"raw": "[\r\n    \"10000000-0000-0000-0000-000000000001\",\r\n    \"20000000-0000-0000-0000-000000000002\"\r\n]",
							"options": {
								"raw": {
									"language": "json"
								}
							}
						},
						"url": {
							"raw": "https://{{host}}/{{api}}/shopping-cart",
							"protocol": "https",
							"host": [
								"{{host}}"
							],
							"path": [
								"{{api}}",
								"shopping-cart"
							]
						}
					},
					"response": []
				},
				{
					"name": "Get (TotalLook)",
					"protocolProfileBehavior": {
						"disableBodyPruning": true
					},
					"request": {
						"method": "GET",
						"header": [],
						"body": {
							"mode": "raw",
							"raw": "[\r\n    \"40000000-0000-0000-0000-000000000004\",\r\n    \"50000000-0000-0000-0000-000000000005\",\r\n    \"60000000-0000-0000-0000-000000000006\"\r\n]",
							"options": {
								"raw": {
									"language": "json"
								}
							}
						},
						"url": {
							"raw": "https://{{host}}/{{api}}/shopping-cart",
							"protocol": "https",
							"host": [
								"{{host}}"
							],
							"path": [
								"{{api}}",
								"shopping-cart"
							]
						}
					},
					"response": []
				},
				{
					"name": "Get (3x2)",
					"protocolProfileBehavior": {
						"disableBodyPruning": true
					},
					"request": {
						"method": "GET",
						"header": [],
						"body": {
							"mode": "raw",
							"raw": "[\r\n    \"10000000-0000-0000-0000-000000000001\",\r\n    \"20000000-0000-0000-0000-000000000002\",\r\n    \"30000000-0000-0000-0000-000000000003\"\r\n]",
							"options": {
								"raw": {
									"language": "json"
								}
							}
						},
						"url": {
							"raw": "https://{{host}}/{{api}}/shopping-cart",
							"protocol": "https",
							"host": [
								"{{host}}"
							],
							"path": [
								"{{api}}",
								"shopping-cart"
							]
						}
					},
					"response": []
				},
				{
					"name": "Get (Total Look)(3x2 vs Total Look)",
					"protocolProfileBehavior": {
						"disableBodyPruning": true
					},
					"request": {
						"method": "GET",
						"header": [],
						"body": {
							"mode": "raw",
							"raw": "[\r\n    \"80000000-0000-0000-0000-000000000008\",\r\n    \"90000000-0000-0000-0000-000000000009\",\r\n    \"13000000-0000-0000-0000-000000000013\"\r\n]",
							"options": {
								"raw": {
									"language": "json"
								}
							}
						},
						"url": {
							"raw": "https://{{host}}/{{api}}/shopping-cart",
							"protocol": "https",
							"host": [
								"{{host}}"
							],
							"path": [
								"{{api}}",
								"shopping-cart"
							]
						}
					},
					"response": []
				},
				{
					"name": "Add to cart (1 item checked)",
					"request": {
						"method": "POST",
						"header": [],
						"body": {
							"mode": "raw",
							"raw": "[\"20000000-0000-0000-0000-000000000002\"]",
							"options": {
								"raw": {
									"language": "json"
								}
							}
						},
						"url": {
							"raw": "https://{{host}}/{{api}}/shopping-cart/10000000-0000-0000-0000-000000000001",
							"protocol": "https",
							"host": [
								"{{host}}"
							],
							"path": [
								"{{api}}",
								"shopping-cart",
								"10000000-0000-0000-0000-000000000001"
							]
						}
					},
					"response": []
				},
				{
					"name": "Add to cart (2 same item checked)",
					"request": {
						"method": "POST",
						"header": [],
						"body": {
							"mode": "raw",
							"raw": "[\"10000000-0000-0000-0000-000000000001\"]",
							"options": {
								"raw": {
									"language": "json"
								}
							}
						},
						"url": {
							"raw": "https://{{host}}/{{api}}/shopping-cart/10000000-0000-0000-0000-000000000001",
							"protocol": "https",
							"host": [
								"{{host}}"
							],
							"path": [
								"{{api}}",
								"shopping-cart",
								"10000000-0000-0000-0000-000000000001"
							]
						}
					},
					"response": []
				},
				{
					"name": "Add to cart (no item checked)",
					"request": {
						"method": "POST",
						"header": [],
						"body": {
							"mode": "raw",
							"raw": "[]",
							"options": {
								"raw": {
									"language": "json"
								}
							}
						},
						"url": {
							"raw": "https://{{host}}/{{api}}/shopping-cart/10000000-0000-0000-0000-000000000001",
							"protocol": "https",
							"host": [
								"{{host}}"
							],
							"path": [
								"{{api}}",
								"shopping-cart",
								"10000000-0000-0000-0000-000000000001"
							]
						}
					},
					"response": []
				},
				{
					"name": "Do purchase 1 item",
					"request": {
						"method": "POST",
						"header": [],
						"body": {
							"mode": "raw",
							"raw": "[\"10000000-0000-0000-0000-000000000001\"]",
							"options": {
								"raw": {
									"language": "json"
								}
							}
						},
						"url": {
							"raw": "https://{{host}}/{{api}}/shopping-cart",
							"protocol": "https",
							"host": [
								"{{host}}"
							],
							"path": [
								"{{api}}",
								"shopping-cart"
							]
						}
					},
					"response": []
				},
				{
					"name": "Do purchase (20% off)",
					"request": {
						"method": "POST",
						"header": [],
						"body": {
							"mode": "raw",
							"raw": "[\r\n    \"10000000-0000-0000-0000-000000000001\",\r\n    \"20000000-0000-0000-0000-000000000002\"\r\n]",
							"options": {
								"raw": {
									"language": "json"
								}
							}
						},
						"url": {
							"raw": "https://{{host}}/{{api}}/shopping-cart",
							"protocol": "https",
							"host": [
								"{{host}}"
							],
							"path": [
								"{{api}}",
								"shopping-cart"
							]
						}
					},
					"response": []
				},
				{
					"name": "Do purchase (Total Look)",
					"request": {
						"method": "POST",
						"header": [],
						"body": {
							"mode": "raw",
							"raw": "[\r\n    \"40000000-0000-0000-0000-000000000004\",\r\n    \"50000000-0000-0000-0000-000000000005\",\r\n    \"60000000-0000-0000-0000-000000000006\"\r\n]",
							"options": {
								"raw": {
									"language": "json"
								}
							}
						},
						"url": {
							"raw": "https://{{host}}/{{api}}/shopping-cart",
							"protocol": "https",
							"host": [
								"{{host}}"
							],
							"path": [
								"{{api}}",
								"shopping-cart"
							]
						}
					},
					"response": []
				},
				{
					"name": "Do purchase (3x2)",
					"request": {
						"method": "POST",
						"header": [],
						"body": {
							"mode": "raw",
							"raw": "[\r\n    \"10000000-0000-0000-0000-000000000001\",\r\n    \"20000000-0000-0000-0000-000000000002\",\r\n    \"30000000-0000-0000-0000-000000000003\"\r\n]",
							"options": {
								"raw": {
									"language": "json"
								}
							}
						},
						"url": {
							"raw": "https://{{host}}/{{api}}/shopping-cart",
							"protocol": "https",
							"host": [
								"{{host}}"
							],
							"path": [
								"{{api}}",
								"shopping-cart"
							]
						}
					},
					"response": []
				},
				{
					"name": "Do purchase no items",
					"request": {
						"method": "POST",
						"header": [],
						"body": {
							"mode": "raw",
							"raw": "[]",
							"options": {
								"raw": {
									"language": "json"
								}
							}
						},
						"url": {
							"raw": "https://{{host}}/{{api}}/shopping-cart",
							"protocol": "https",
							"host": [
								"{{host}}"
							],
							"path": [
								"{{api}}",
								"shopping-cart"
							]
						}
					},
					"response": []
				},
				{
					"name": "Remove 1 invalid product",
					"request": {
						"method": "DELETE",
						"header": [],
						"body": {
							"mode": "raw",
							"raw": "[\"20000000-0000-0000-0000-000000000002\", \"20000000-0000-0000-0000-000000000020\", \"15000000-0000-0000-0000-000000000015\"]",
							"options": {
								"raw": {
									"language": "json"
								}
							}
						},
						"url": {
							"raw": "https://{{host}}/{{api}}/shopping-cart/10000000-0000-0000-0000-000000000001",
							"protocol": "https",
							"host": [
								"{{host}}"
							],
							"path": [
								"{{api}}",
								"shopping-cart",
								"10000000-0000-0000-0000-000000000001"
							]
						}
					},
					"response": []
				},
				{
					"name": "Remove 1 product",
					"request": {
						"method": "DELETE",
						"header": [],
						"body": {
							"mode": "raw",
							"raw": "[\"10000000-0000-0000-0000-000000000001\"]",
							"options": {
								"raw": {
									"language": "json"
								}
							}
						},
						"url": {
							"raw": "https://{{host}}/{{api}}/shopping-cart/10000000-0000-0000-0000-000000000001",
							"protocol": "https",
							"host": [
								"{{host}}"
							],
							"path": [
								"{{api}}",
								"shopping-cart",
								"10000000-0000-0000-0000-000000000001"
							]
						}
					},
					"response": []
				},
				{
					"name": "Remove all products",
					"request": {
						"method": "DELETE",
						"header": [],
						"url": {
							"raw": "https://{{host}}/{{api}}/shopping-cart",
							"protocol": "https",
							"host": [
								"{{host}}"
							],
							"path": [
								"{{api}}",
								"shopping-cart"
							]
						}
					},
					"response": []
				}
			]
		},
		{
			"name": "session",
			"item": [
				{
					"name": "Login admin",
					"request": {
						"method": "POST",
						"header": [],
						"url": {
							"raw": "https://{{host}}/{{api}}/session/admin@admin.com",
							"protocol": "https",
							"host": [
								"{{host}}"
							],
							"path": [
								"{{api}}",
								"session",
								"admin@admin.com"
							]
						}
					},
					"response": []
				},
				{
					"name": "Login customer",
					"request": {
						"method": "POST",
						"header": [],
						"url": {
							"raw": "https://{{host}}/{{api}}/session/user1@example.com",
							"protocol": "https",
							"host": [
								"{{host}}"
							],
							"path": [
								"{{api}}",
								"session",
								"user1@example.com"
							]
						}
					},
					"response": []
				},
				{
					"name": "Login invalid user",
					"request": {
						"method": "POST",
						"header": [],
						"url": {
							"raw": "https://{{host}}/{{api}}/session/invalid@invalid.com",
							"protocol": "https",
							"host": [
								"{{host}}"
							],
							"path": [
								"{{api}}",
								"session",
								"invalid@invalid.com"
							]
						}
					},
					"response": []
				},
				{
					"name": "Logout",
					"request": {
						"method": "DELETE",
						"header": [],
						"url": {
							"raw": "https://{{host}}/{{api}}/session",
							"protocol": "https",
							"host": [
								"{{host}}"
							],
							"path": [
								"{{api}}",
								"session"
							]
						}
					},
					"response": []
				}
			]
		},
		{
			"name": "purchases",
			"item": [
				{
					"name": "Get all",
					"request": {
						"method": "GET",
						"header": [],
						"url": {
							"raw": "https://{{host}}/{{api}}/purchases",
							"protocol": "https",
							"host": [
								"{{host}}"
							],
							"path": [
								"{{api}}",
								"purchases"
							]
						}
					},
					"response": []
				}
			]
		},
		{
			"name": "signup",
			"item": [
				{
					"name": "Signup",
					"request": {
						"method": "POST",
						"header": [],
						"body": {
							"mode": "raw",
							"raw": "{\r\n    \"email\": \"user2@test.com\",\r\n    \"address\": \"user address\"\r\n}",
							"options": {
								"raw": {
									"language": "json"
								}
							}
						},
						"url": {
							"raw": "https://{{host}}/{{api}}/signup",
							"protocol": "https",
							"host": [
								"{{host}}"
							],
							"path": [
								"{{api}}",
								"signup"
							]
						}
					},
					"response": []
				},
				{
					"name": "Signup invalid",
					"request": {
						"method": "POST",
						"header": [],
						"body": {
							"mode": "raw",
							"raw": "{\r\n    \"email\": \"user@test.com\",\r\n    \"address\": \"user address\"\r\n}",
							"options": {
								"raw": {
									"language": "json"
								}
							}
						},
						"url": {
							"raw": "https://{{host}}/{{api}}/signup",
							"protocol": "https",
							"host": [
								"{{host}}"
							],
							"path": [
								"{{api}}",
								"signup"
							]
						}
					},
					"response": []
				}
			]
		}
	],
	"auth": {
		"type": "oauth2",
		"oauth2": [
			{
				"key": "headerPrefix",
				"value": "",
				"type": "string"
			},
			{
				"key": "addTokenTo",
				"value": "header",
				"type": "string"
			}
		]
	},
	"event": [
		{
			"listen": "prerequest",
			"script": {
				"type": "text/javascript",
				"exec": [
					""
				]
			}
		},
		{
			"listen": "test",
			"script": {
				"type": "text/javascript",
				"exec": [
					""
				]
			}
		}
	],
	"variable": [
		{
			"key": "host",
			"value": "localhost:5001"
		},
		{
			"key": "token",
			"value": "",
			"type": "string"
		},
		{
			"key": "api",
			"value": "api",
			"type": "string"
		}
	]
}